name,email,phone,address
Debbie,drosenfeld0@csmonitor.com,624-670-0483,15037 Rieder Pass
Marji,mcolbran1@last.fm,446-303-9830,7738 Cambridge Road
Annelise,ajiroudek2@illinois.edu,240-288-7025,680 Lien Park
Onfre,ogauntley3@sogou.com,424-368-0475,703 Rockefeller Alley
April,aduckfield4@istockphoto.com,605-261-2367,12 Sauthoff Way
Shelagh,sboath5@printfriendly.com,386-469-6870,7 Mifflin Terrace
Estelle,emigheli6@1688.com,157-170-1899,5 Fieldstone Court
Yorker,yfearnley7@geocities.com,256-462-4433,37600 Stuart Plaza
Zack,zpurle8@usda.gov,804-525-0558,366 Corben Crossing
Adrianna,atate9@comsenz.com,684-229-9123,91670 Claremont Junction
Iggy,ihamleya@mit.edu,906-581-8154,02468 Prentice Trail
Cathrin,cturgooseb@ca.gov,499-804-7210,86410 Straubel Lane
Gill,ggunsonc@vimeo.com,252-319-7307,26885 Gulseth Point
Sonja,sfuscod@bloglovin.com,932-874-9228,888 Sage Avenue
Maren,mdelwatere@canalblog.com,156-162-6017,6410 Pleasure Court
Crawford,cmuggeridgef@adobe.com,590-998-4547,53906 Fairview Hill
Jerrome,jranyg@imdb.com,816-169-5678,8 Claremont Circle
Donaugh,detchinghamh@amazon.co.jp,274-946-3867,79 Tennessee Alley
Evyn,ebockmanni@dedecms.com,162-270-2372,335 Acker Park
Kris,kjurgenj@wisc.edu,135-146-7383,90297 Portage Place
Silvana,skidstounk@wordpress.com,347-261-5138,99 Upham Alley
Reid,rskermerl@cbsnews.com,695-396-9712,12 Merry Place
Ware,wsuerzm@rambler.ru,873-357-9192,35 Hanover Hill
Slade,sgreiswoodn@pbs.org,205-486-5045,43653 Springview Alley
Fallon,fshutteo@businesswire.com,790-902-1340,3826 Grover Terrace
Smitty,stulkp@wp.com,951-101-7637,45961 Manitowish Way
Marco,mclorleyq@microsoft.com,808-915-7034,7 Hintze Terrace
Dee dee,dfredir@eventbrite.com,137-691-7634,22714 Bay Place
Guenevere,gmarouseks@state.gov,717-532-5908,57692 Buell Park
Jessica,jsamuelst@ucoz.com,653-830-5005,27671 Badeau Crossing
Kellen,klarkingu@godaddy.com,533-662-9293,0838 Meadow Ridge Lane
Peder,pwooderv@cpanel.net,510-425-1704,65948 Carey Lane
Rosamond,rrosevearw@nyu.edu,668-604-9752,1 Glendale Street
Alameda,aganderx@a8.net,693-350-7588,89 Cascade Plaza
Ricky,rgraveneyy@google.co.uk,140-113-4207,83400 Granby Center
Page,pplakz@ftc.gov,921-793-9970,2990 Sommers Court
Alden,awilliscroft10@globo.com,397-484-5128,2933 Monterey Alley
Franzen,fmccamish11@walmart.com,815-539-0753,50 Bellgrove Drive
Melessa,mrichard12@oracle.com,662-691-6045,779 Charing Cross Place
Bee,bborzone13@w3.org,990-824-6688,33 Paget Lane
Adriena,arothon14@wikimedia.org,435-455-6523,903 Fuller Terrace
Sallyanne,sbanaszewski15@vinaora.com,807-428-8290,75689 Ilene Parkway
Henrie,hdicarlo16@pinterest.com,601-865-7111,51665 Farwell Crossing
Bryn,bbraisher17@yale.edu,474-315-1096,1528 Dunning Avenue
Alysa,aclaxton18@cam.ac.uk,404-449-1090,089 Northport Avenue
Alison,amerigot19@stumbleupon.com,136-255-5523,094 Sycamore Circle
Lainey,lkittredge1a@odnoklassniki.ru,152-314-8731,2946 Norway Maple Park
Lyon,lsimms1b@ustream.tv,567-214-2507,55 Bartelt Pass
Maxy,mwillox1c@army.mil,693-117-4356,23671 Sundown Street
Emory,epiper1d@51.la,188-509-7321,118 Meadow Valley Way
Rozanna,rbunyan1e@goo.ne.jp,527-147-7616,02 Crescent Oaks Center
Terese,teble1f@nytimes.com,862-910-9689,458 Texas Court
Ossie,okrol1g@cnn.com,971-458-8040,064 Cherokee Pass
Pierre,pfuentez1h@google.nl,276-439-0552,09 Moland Avenue
Carin,ciacomi1i@163.com,622-378-6712,769 Morrow Lane
Jephthah,jreddyhoff1j@360.cn,775-653-3870,17 Red Cloud Place
Clevie,colenov1k@github.com,712-660-8582,34981 Schlimgen Trail
Sherye,smowne1l@pen.io,483-580-6568,66 Nelson Drive
Annelise,aeliet1m@fc2.com,329-572-7217,1 Shasta Hill
Rodolph,rbogey1n@bravesites.com,436-448-0886,61701 Becker Alley
Mireille,mferguson1o@surveymonkey.com,393-329-3288,4164 Calypso Park
Anstice,abines1p@facebook.com,175-133-7429,05915 Welch Circle
Eric,egussie1q@usnews.com,145-168-1502,970 Merchant Drive
Darcee,ddiaper1r@desdev.cn,276-385-5618,09960 Blaine Trail
Lincoln,lhanvey1s@alexa.com,819-212-6702,7 Little Fleur Point
Morry,myuryatin1t@chicagotribune.com,579-710-2835,5 Dorton Circle
Arnaldo,amansford1u@deviantart.com,663-650-6180,74 Armistice Plaza
Kasey,kbrandli1v@about.com,325-151-9685,242 Fremont Circle
Tildi,tsmeaton1w@1und1.de,148-352-6906,46 Steensland Court
Jacobo,jpitkeathly1x@nps.gov,305-159-5545,134 Brentwood Place
Hillyer,hburch1y@answers.com,842-646-6168,760 Delladonna Junction
Jocelyne,jpaddemore1z@apple.com,274-652-5119,196 Golf Course Pass
Duke,drummin20@amazonaws.com,478-701-7750,5773 Hovde Way
Steward,sshapiro21@dyndns.org,242-509-2610,37911 Sommers Court
Mathilde,mjuorio22@umich.edu,920-966-4535,64725 Muir Plaza
Kaspar,kschleicher23@stumbleupon.com,966-428-1069,39354 Sunnyside Junction
Basilio,bsherme24@answers.com,430-302-7094,36386 Carioca Hill
Wesley,wdevuyst25@sourceforge.net,308-288-5982,404 Hanson Hill
Codie,cspellsworth26@tumblr.com,225-378-1619,6 Vahlen Lane
Jamill,jclemoes27@digg.com,317-173-9264,1 South Court
Matt,mwakley28@webmd.com,815-193-7024,83 Dexter Drive
Nancey,npickford29@hugedomains.com,830-290-1888,526 Raven Park
Daren,dkiossel2a@techcrunch.com,797-736-6151,6 Mosinee Road
Reed,rmaccook2b@cbslocal.com,587-840-0948,960 Quincy Street
Lucretia,lraft2c@telegraph.co.uk,563-125-6327,9 Norway Maple Parkway
Elinore,ebatey2d@yellowpages.com,218-844-3907,5 Valley Edge Drive
Berkeley,bpetrosian2e@tamu.edu,911-484-6309,28 New Castle Circle
Scot,sfrushard2f@multiply.com,176-839-7481,1 Nobel Pass
Allard,agiraudat2g@twitpic.com,948-585-4701,39267 Russell Place
Teddie,tmurdoch2h@independent.co.uk,581-206-3960,7 Arkansas Lane
Beilul,blegrys2i@arizona.edu,938-310-4786,754 Bashford Alley
Rollie,rremer2j@pinterest.com,485-196-8116,28771 Green Ridge Center
Ardisj,acoutthart2k@dmoz.org,145-542-3689,21 Cambridge Trail
Lindsey,lhiers2l@globo.com,483-504-4462,3 Upham Court
Randie,rbruggeman2m@creativecommons.org,810-110-3677,74770 Dexter Point
Moe,mkoomar2n@usgs.gov,623-254-7168,8054 Bluestem Way
Orella,ogrog2o@squidoo.com,312-571-5417,276 Corben Road
Dannie,dayre2p@liveinternet.ru,827-529-5359,625 Atwood Lane
Duffie,dcumine2q@rakuten.co.jp,167-537-5436,08162 Lake View Trail
Helene,hsaket2r@eepurl.com,315-513-5135,4400 Linden Lane
Virge,vclutheram2s@live.com,413-434-1585,64 Carberry Pass
Flori,fmckimm2t@slate.com,636-498-9832,5 Meadow Valley Avenue
Kathryne,kwillwood2u@cbc.ca,979-453-8281,011 Lerdahl Terrace
Malissa,mbraddon2v@simplemachines.org,372-217-3797,00 Kropf Drive
Maribel,mdraye2w@wix.com,354-414-2601,257 Waywood Circle
Carrissa,cpolendine2x@lulu.com,208-607-1520,2094 Schlimgen Junction
Jordan,jweatherburn2y@homestead.com,983-536-8459,5 Esker Place
Georgianne,gflockhart2z@un.org,206-250-9014,99 Dovetail Alley
Anetta,abacks30@themeforest.net,189-507-2622,9164 Merrick Drive
Stanislaus,sgrgic31@bloglines.com,844-800-8818,83 Bartelt Way
Milzie,mlhommee32@gov.uk,603-816-0310,5 Summerview Way
Kassey,keffemy33@myspace.com,426-946-4469,086 Old Shore Pass
Ingelbert,igidman34@blogspot.com,408-837-8616,52 Northview Park
Anastasia,adameisele35@umich.edu,617-130-3962,674 Londonderry Circle
Nydia,nmcclancy36@nyu.edu,222-493-7046,71 Cascade Circle
Florella,frasper37@bluehost.com,363-434-9825,444 International Place
Iver,imaffucci38@squarespace.com,560-663-1595,8 Scofield Lane
Vladimir,vhudel39@kickstarter.com,579-242-1295,515 Delladonna Drive
Andreana,adondon3a@biblegateway.com,596-749-4703,2376 Tomscot Drive
Brod,bgoldfinch3b@is.gd,126-988-1795,3846 Columbus Pass
Saudra,skelsall3c@auda.org.au,182-264-5513,405 Talmadge Crossing
Roxanne,rpoltun3d@upenn.edu,625-488-1863,7 Lillian Drive
Damon,dvicarey3e@sakura.ne.jp,314-351-7118,9340 Loeprich Place
Maryl,mbattams3f@va.gov,179-520-6854,5992 School Drive
Tonia,tpieracci3g@yelp.com,231-961-6548,004 Melvin Drive
Emogene,echapelhow3h@eventbrite.com,235-146-6419,8 Melby Center
Carlin,cgrabeham3i@indiegogo.com,825-190-6641,769 Schurz Park
Baxie,bdrummond3j@newsvine.com,390-351-6729,9673 Melrose Place
Ruthi,rmailey3k@alexa.com,685-379-6793,5613 West Place
Nicky,nanthoin3l@facebook.com,232-767-7260,38 Farwell Road
Arlette,aroskelley3m@sakura.ne.jp,503-136-3306,4 Warrior Park
Kerk,kdoale3n@ucla.edu,124-140-5347,3152 1st Place
Manda,mgoldie3o@walmart.com,612-980-5231,38471 Dawn Trail
Grace,gleyshon3p@google.co.uk,610-765-0551,69551 Katie Alley
Micheal,mcockhill3q@godaddy.com,340-648-4327,76 Coleman Place
Lyndsie,lmccosh3r@ifeng.com,516-141-3580,35 Welch Way
Belvia,bsheryn3s@ovh.net,662-200-6171,0 Village Center
Dulcine,ddawidowitz3t@constantcontact.com,496-949-5472,0562 Moland Street
Grace,gromi3u@istockphoto.com,430-172-3663,07 Lakeland Crossing
Curcio,cstellino3v@theguardian.com,442-833-8751,145 Burning Wood Crossing
Brod,bwestbrook3w@vkontakte.ru,640-928-6721,82075 Orin Avenue
Teresita,twindrum3x@tiny.cc,162-580-4671,0605 Buell Plaza
Jemimah,jcasarini3y@google.com.hk,921-806-6410,6 Del Sol Avenue
Cristin,cpotkin3z@csmonitor.com,888-279-9183,83503 Moland Pass
Chloette,cjerke40@vimeo.com,106-828-1935,7619 Glendale Alley
Melania,mprinne41@engadget.com,695-984-3502,5066 Carioca Parkway
Bronny,bfoxton42@columbia.edu,800-658-8527,6 Reindahl Park
Ethelyn,egajewski43@sun.com,239-950-3409,59 Manitowish Street
Oberon,ocowans44@ox.ac.uk,691-789-1237,9064 Bayside Way
Herb,hsperring45@unc.edu,440-492-5655,7291 Menomonie Avenue
Etty,elamke46@vkontakte.ru,306-984-8073,43 Crowley Drive
Greg,gpanniers47@slate.com,965-980-5105,81155 Walton Court
Lorin,lcrowcombe48@youtube.com,940-406-9156,740 Rigney Parkway
Lesya,lmacsharry49@bloomberg.com,295-590-7935,95 Sycamore Place
Burke,bdracey4a@google.com,852-830-9369,56 Towne Hill
Fiona,fyerill4b@theatlantic.com,230-821-6086,79 Glendale Junction
Nolana,nlutty4c@newsvine.com,680-829-3975,23 Eastwood Avenue
Osmund,opummery4d@blinklist.com,834-722-0612,280 Memorial Park
Easter,egilding4e@paginegialle.it,361-348-0833,72 Almo Street
Cross,cgooder4f@lycos.com,237-646-1381,9 Fordem Avenue
Charmian,ccassidy4g@mysql.com,745-557-5143,443 Leroy Pass
Charlene,ctrenbey4h@tripod.com,322-585-8981,3 Lawn Pass
Nicki,nmillea4i@digg.com,566-309-4488,43355 Oneill Street
Percy,pshepperd4j@pbs.org,734-894-6008,98861 Lillian Hill
Marvin,mhartman4k@amazon.co.jp,641-427-2127,4201 Haas Alley
Angelico,amustoo4l@amazon.co.uk,835-763-3036,781 Laurel Parkway
Josepha,jferrillio4m@xing.com,728-621-9703,9033 Dunning Center
Annabell,atinner4n@scribd.com,860-869-0683,90 Westend Terrace
Christiane,clurcock4o@issuu.com,135-564-1484,082 Johnson Parkway
Linn,lschimonek4p@ucsd.edu,676-299-7638,0997 Gateway Terrace
Bonni,bwallwork4q@unblog.fr,197-585-5861,90 Mayfield Trail
Rosalind,rgoodday4r@bandcamp.com,183-524-4826,79577 Lindbergh Drive
Carly,cbridgewood4s@yolasite.com,467-213-9002,340 Rowland Crossing
Gregor,gwittleton4t@arizona.edu,582-379-2620,1 Summerview Alley
Alvis,aconeley4u@admin.ch,597-526-8035,0 Roxbury Alley
Thebault,tcaller4v@com.com,765-656-5129,3 Dayton Avenue
Noah,nabrahamsohn4w@fc2.com,397-724-9505,72 Arkansas Alley
Ninette,nfalck4x@zdnet.com,233-505-8359,35428 Meadow Ridge Terrace
Mick,molijve4y@springer.com,117-547-5149,590 Crowley Park
Randee,rbannister4z@accuweather.com,367-219-0366,7 Morningstar Drive
Mirella,mkassel50@auda.org.au,299-158-2071,3 Northfield Avenue
Kattie,kspacie51@symantec.com,231-704-2979,2 Canary Junction
Almeria,agallichiccio52@sakura.ne.jp,381-463-0314,76 Sunbrook Alley
Delphine,dllywarch53@yahoo.com,612-643-8163,418 Mccormick Center
Sherwood,sbollin54@cnbc.com,569-362-1629,9366 Forest Dale Point
Nathan,ngales55@timesonline.co.uk,716-861-1279,12974 Fuller Circle
Kelley,kdumpleton56@joomla.org,254-743-6998,42 Orin Park
Birk,bcallow57@flavors.me,647-707-5708,48415 Cambridge Street
Carol-jean,cfairebrother58@admin.ch,428-754-1494,487 Carioca Avenue
Anni,amccrow59@biglobe.ne.jp,451-667-8461,38 Fisk Alley
Matthus,mrault5a@mapquest.com,429-472-4586,627 Barnett Street
Ermentrude,ehupe5b@redcross.org,574-145-1267,0638 Randy Hill
Trenna,tdykes5c@dailymotion.com,813-649-1765,44 Northview Plaza
Hunfredo,hrewbottom5d@un.org,614-827-2742,82 Oak Way
Roderick,rdesbrow5e@unesco.org,900-201-6049,435 Oakridge Park
Sheryl,scostar5f@vkontakte.ru,968-867-9032,9092 Oak Valley Drive
Nicki,nyanin5g@irs.gov,950-403-2287,540 Superior Park
Tamara,tnys5h@free.fr,199-288-7028,1228 Granby Lane
Odella,odearle5i@reuters.com,544-817-6554,5486 Chive Center
Winn,wwarlow5j@ow.ly,516-327-2887,9 Schiller Avenue
Deane,dgalland5k@booking.com,430-497-9595,65 Arkansas Street
Barnie,bdurbin5l@redcross.org,923-176-1103,4195 Drewry Trail
Fairlie,fgencke5m@dagondesign.com,110-813-5341,265 Surrey Alley
Bailie,ballardyce5n@google.de,847-912-6630,1 Lukken Crossing
Jessie,jbrundale5o@yolasite.com,153-533-2738,917 Westerfield Place
Nikolai,npettegree5p@un.org,983-833-6059,07574 Arapahoe Plaza
Palmer,pcallender5q@mail.ru,378-843-2661,1918 Mallard Drive
Sansone,swalewicz5r@hibu.com,193-367-0036,13 Packers Point
Saundra,sskoyles5s@topsy.com,720-564-9569,7 Nancy Junction
Ray,rgaitley5t@bluehost.com,962-935-2086,9028 Luster Street
Mable,mmattschas5u@livejournal.com,182-830-1810,69 International Terrace
Binny,brunnicles5v@si.edu,247-704-5893,247 Towne Court
Juana,jhunnicot5w@shareasale.com,301-115-2369,5 High Crossing Drive
Daniele,dcallen5x@shareasale.com,862-290-9614,5436 Utah Plaza
Mona,mroland5y@csmonitor.com,316-246-5255,3 Johnson Pass
Silvester,ssyphus5z@psu.edu,371-441-3447,0 Grim Way
Dwayne,dhawney60@washington.edu,725-143-7780,03 Comanche Circle
Arlen,acases61@drupal.org,691-858-1165,76961 Rutledge Crossing
Cordy,croscrigg62@shop-pro.jp,854-543-7825,67 Troy Trail
Ambrose,arosindill63@ameblo.jp,998-735-6306,7098 Wayridge Road
Terri,tbottomore64@biblegateway.com,167-569-3399,004 Maple Wood Lane
Arie,ajoe65@sourceforge.net,235-849-1633,739 Di Loreto Junction
Correy,csiviter66@cam.ac.uk,110-370-9297,94 Clove Crossing
Dilan,dmckissack67@yellowbook.com,500-775-4534,367 Dryden Hill
Cassondra,cdeandisie68@phoca.cz,576-218-2728,6 Mayer Alley
Brook,bcaughtry69@sohu.com,264-934-0953,5836 Fulton Alley
Burke,bivan6a@goo.ne.jp,989-801-5988,8 Sloan Court
Renata,rvannuccinii6b@tripadvisor.com,274-754-9258,519 Brickson Park Court
Ola,oswanborrow6c@vk.com,342-845-4963,35558 Hallows Point
Archibald,agiblin6d@facebook.com,809-644-8447,7381 1st Road
Balduin,bhoodless6e@phoca.cz,390-435-6747,9365 Dayton Point
Allyn,awinchurch6f@mail.ru,412-169-7533,2844 Namekagon Circle
Ferrell,fscafe6g@tamu.edu,310-252-4133,1002 Milwaukee Road
Jill,jdawnay6h@etsy.com,122-428-8699,23344 Stoughton Hill
Anson,adonner6i@loc.gov,755-698-1237,1419 Prairie Rose Park
Wilmette,wdancy6j@wordpress.com,298-229-8025,99 Morningstar Road
Petronella,ppiburn6k@google.fr,395-255-6559,60751 Kinsman Avenue
Sergio,sower6l@yahoo.co.jp,968-528-1279,811 Petterle Street
Igor,iklaffs6m@deviantart.com,603-564-9247,3 Mayfield Hill
Judon,jlias6n@tiny.cc,850-608-7693,74463 Bunting Terrace
Karoline,kdipple6o@nytimes.com,601-178-1763,7709 Maple Wood Parkway
Lind,lbeardshall6p@spiegel.de,199-293-0833,5245 Pepper Wood Circle
Wilmar,wburgott6q@dagondesign.com,571-343-5714,31015 Lotheville Lane
Eugine,emccaig6r@sun.com,629-148-6396,10 Village Green Terrace
Rodrique,rhannaway6s@google.nl,455-144-8114,213 Crownhardt Park
Zelda,zhadgraft6t@nydailynews.com,635-418-1345,7 Mitchell Way
Georgetta,gfellnee6u@hibu.com,208-287-0818,348 Muir Trail
Kenyon,kolyhane6v@ft.com,692-832-2205,93157 Rutledge Road
Alix,acaps6w@seattletimes.com,532-354-2006,45502 Barnett Avenue
Dominik,dambrois6x@umich.edu,812-456-1489,31 Starling Point
Garth,gbeeson6y@state.tx.us,500-620-8461,348 Hoepker Street
Barbette,bcasterton6z@paginegialle.it,760-349-3051,8 Troy Terrace
Gris,gharman70@e-recht24.de,172-142-3620,90 Onsgard Alley
Tuck,tkopf71@hugedomains.com,835-164-4964,70 Birchwood Center
Zedekiah,zhugill72@t.co,750-138-6054,1718 Nova Alley
Lynnelle,lpeschmann73@businesswire.com,848-864-3762,0 Spenser Pass
Krishna,kgocke74@globo.com,876-990-0786,276 Twin Pines Plaza
Bent,barson75@uol.com.br,590-527-1926,3 Browning Way
Melessa,mdanniel76@examiner.com,423-159-2254,570 Manufacturers Road
Giacobo,gfurlonge77@weebly.com,149-988-0568,9 Cottonwood Place
Randolf,rkofax78@imgur.com,813-699-7601,39 Monterey Pass
Zarah,zhaddleton79@pinterest.com,807-701-8294,94 Esch Road
Lucho,lwoolvin7a@scribd.com,449-320-6048,49602 Jenifer Terrace
Rici,rdinehart7b@usgs.gov,725-777-2472,74057 Milwaukee Plaza
Gennie,gstilliard7c@archive.org,448-460-5690,277 Acker Park
Tara,tcleveland7d@microsoft.com,119-452-3536,9099 Basil Alley
Ben,bburns7e@naver.com,650-422-4522,329 Kingsford Point
Cristin,ctolputt7f@netvibes.com,266-268-6291,71804 Jana Terrace
Celine,chillam7g@wunderground.com,411-208-9087,74334 Washington Terrace
Livy,llasslett7h@infoseek.co.jp,718-934-3430,9247 High Crossing Parkway
Colene,cswanger7i@seesaa.net,227-642-9613,17396 Darwin Avenue
Jasen,jmatusevich7j@barnesandnoble.com,349-907-0893,800 Hintze Pass
Laurene,lcawston7k@tmall.com,519-364-5812,02 Arapahoe Alley
Glenden,goleszcuk7l@hatena.ne.jp,817-992-6512,94 1st Terrace
Randolf,rkumar7m@slate.com,814-746-1614,109 Manitowish Lane
Obadiah,omellows7n@jugem.jp,326-432-1082,032 International Lane
Craggy,challadey7o@cbc.ca,740-650-7026,71356 Daystar Park
Mufinella,myouings7p@pinterest.com,634-197-3361,5277 Hollow Ridge Avenue
Samara,sduesbury7q@jigsy.com,147-861-4375,7 Claremont Road
Jeff,jkinzel7r@fastcompany.com,813-981-7766,2 Summerview Drive
Rusty,rfordham7s@odnoklassniki.ru,283-537-6113,585 Talisman Avenue
Fayth,fsidle7t@usgs.gov,358-509-1499,1 Warner Terrace
Robinet,rainsley7u@mail.ru,568-704-0160,28 Anniversary Lane
Flossy,fstollenhof7v@unicef.org,324-823-9280,123 Aberg Park
Cherida,cmollindinia7w@independent.co.uk,102-521-3869,25474 Merry Road
Salim,slarkkem7x@ow.ly,643-612-6264,08 Bowman Street
Hanan,hwinley7y@php.net,367-575-9577,44383 Center Way
Chevy,clodo7z@theatlantic.com,194-478-0605,0805 Doe Crossing Parkway
Pier,pdicarli80@tamu.edu,259-668-7669,68838 Jana Terrace
Lambert,lfont81@weebly.com,881-476-0618,58458 Kensington Plaza
Phyllis,ppedrocco82@craigslist.org,503-218-6104,522 Warrior Court
Hector,hstyles83@i2i.jp,434-391-2771,43736 Armistice Place
Early,ebraywood84@mapy.cz,612-414-9084,217 Fisk Pass
Garwin,gkopps85@joomla.org,407-346-6821,863 Amoth Court
Nikolia,npooke86@nhs.uk,889-941-3980,1 Redwing Pass
Alon,ajandourek87@blinklist.com,118-470-2668,4154 Union Terrace
Mimi,mdyball88@netscape.com,456-579-9095,74 Warbler Crossing
Tonia,tdruitt89@ihg.com,475-371-4801,3570 Rigney Circle
Morna,mseydlitz8a@simplemachines.org,489-497-7915,66420 Maywood Avenue
Alyse,agosden8b@360.cn,706-545-1204,8 Jay Trail
Cheston,cmullane8c@google.it,631-702-3041,992 Prentice Court
Jim,jsmithers8d@google.de,603-214-7079,2 Kedzie Drive
Pen,pthomerson8e@sourceforge.net,801-786-0052,4 Mcbride Street
Leonhard,loles8f@reuters.com,631-604-0111,98 Ohio Center
Agosto,astockings8g@nationalgeographic.com,181-326-0079,1 Anzinger Center
Jeane,jbrayson8h@webeden.co.uk,697-887-2158,07832 Columbus Crossing
Marline,msnodden8i@storify.com,846-397-7705,451 Manufacturers Pass
Cherida,ccardwell8j@wp.com,437-490-1433,12406 Bartillon Circle
Emelda,epocklington8k@yale.edu,662-471-5088,2 Charing Cross Terrace
Therese,tpeltz8l@mail.ru,656-578-2859,3 Carioca Center
Cloris,ccaccavale8m@alexa.com,725-855-8551,63887 Ludington Drive
Gage,gfattorini8n@xinhuanet.com,574-528-9666,795 Harbort Lane
Carlynne,ckleinstern8o@columbia.edu,315-511-5130,87848 Prairieview Trail
Keriann,kbathersby8p@gravatar.com,902-451-2254,04 Loeprich Circle
Paxon,putridge8q@senate.gov,948-904-6808,59455 Shelley Parkway
Manda,mshirlaw8r@is.gd,653-794-6052,52462 Pawling Way
Jefferey,jchasteau8s@nih.gov,772-758-1607,93206 Bay Park
Gherardo,gtellenbrok8t@earthlink.net,393-329-1754,593 Bartillon Way
Noll,nspaughton8u@cargocollective.com,471-641-9657,69 Farwell Court
Lesley,labarrow8v@bravesites.com,340-198-3824,7376 Shasta Parkway
Town,thusthwaite8w@posterous.com,660-701-7920,317 Mallory Drive
Austina,akeston8x@accuweather.com,595-274-2214,520 Pankratz Junction
Rubia,rswanne8y@imageshack.us,212-224-6542,915 Judy Hill
Tiffani,ttreweela8z@netvibes.com,344-306-2326,7 Bonner Alley
Arnold,aleed90@wisc.edu,922-551-7708,05675 Manufacturers Circle
Beth,bfaldo91@studiopress.com,614-198-0677,45993 Fulton Pass
Bard,brappa92@dailymotion.com,952-976-0378,62 Sunfield Street
Rachael,ribberson93@elegantthemes.com,219-229-4516,91 Ridgeway Circle
Lindsey,lmelmeth94@skype.com,356-993-0560,3 John Wall Parkway
Hedwig,hwalentynowicz95@samsung.com,836-661-5327,6 8th Avenue
Horacio,hespadate96@clickbank.net,952-299-7686,841 Gateway Terrace
Georas,ghayland97@ycombinator.com,673-883-5595,1 Melvin Place
Brantley,bmoggle98@facebook.com,101-652-2619,50295 Kensington Avenue
Rosalie,rkunes99@gizmodo.com,375-583-2496,61 Grayhawk Way
Perkin,pstedman9a@twitpic.com,311-599-9133,73033 Shelley Hill
Hilliary,hlutzmann9b@biglobe.ne.jp,842-523-9608,4 Graceland Junction
Brander,baldwich9c@unesco.org,137-434-5557,2764 Farragut Parkway
Arny,aackeroyd9d@ihg.com,965-118-3499,636 Norway Maple Pass
Norry,ngeater9e@altervista.org,858-459-7523,42 Cottonwood Alley
Veradis,vwitton9f@apache.org,322-858-7385,2 Express Junction
Ali,aocallaghan9g@com.com,640-480-9173,31 Loeprich Plaza
Rafferty,rgaither9h@huffingtonpost.com,751-164-0837,40754 Londonderry Pass
Carly,comeara9i@mapy.cz,819-789-0206,1 Park Meadow Point
Aurilia,acubbit9j@mlb.com,337-172-8164,825 7th Junction
Blondy,bdrage9k@deliciousdays.com,424-742-4838,3 Lotheville Crossing
Katrine,kredley9l@arizona.edu,735-399-6117,191 Orin Point
Blythe,bdelaspee9m@usa.gov,345-188-9577,17 Amoth Terrace
Edin,emcgannon9n@multiply.com,610-145-8381,77807 Arizona Trail
Roda,rmyott9o@flavors.me,472-134-9684,2568 Hoffman Crossing
Amby,ahalhead9p@hugedomains.com,154-213-1068,21340 Golf View Drive
Andriana,abubb9q@topsy.com,762-192-6973,37 Declaration Hill
Allys,afern9r@woothemes.com,952-167-1417,3 Sachs Point
Shandie,suff9s@altervista.org,432-516-8362,32386 Clemons Lane
Marian,mmcgrah9t@netlog.com,834-787-2393,2705 Claremont Point
Ileane,ifrankcom9u@forbes.com,535-109-2313,2634 Old Shore Junction
Holden,hmoorhouse9v@infoseek.co.jp,791-354-7658,55056 New Castle Center
Lorrin,lodam9w@thetimes.co.uk,294-756-6093,8 Katie Circle
Tove,tbaitman9x@hugedomains.com,322-571-3255,9151 Eagle Crest Lane
Brear,bgoodliffe9y@forbes.com,129-291-8871,15 Vahlen Street
Torre,tguilayn9z@shinystat.com,835-383-4342,32 Meadow Vale Hill
Temp,trobarta0@ucoz.com,810-746-9844,87 6th Terrace
Bartlett,brothmana1@indiatimes.com,159-985-4000,848 Chinook Lane
Truda,tpietersa2@technorati.com,426-721-5308,54417 Express Road
Base,bharbidgea3@bluehost.com,907-238-6926,83985 Springview Street
Petey,plattimorea4@imgur.com,878-267-1393,2879 Twin Pines Trail
Art,alaya5@cbsnews.com,288-687-6064,91 Portage Hill
Shea,sbushbya6@shop-pro.jp,539-662-8448,92 Basil Hill
Jonis,jbaxa7@smugmug.com,366-707-4701,23 Golf Crossing
Susan,sgreavea8@nationalgeographic.com,771-981-5091,2554 Kedzie Park
Ricky,rhuckina9@nifty.com,323-232-1644,29 Burning Wood Court
Marin,mcowupaa@histats.com,200-679-5314,1759 Oakridge Point
Germain,gwattsab@ft.com,918-959-1226,315 Pawling Avenue
Kimberlyn,ksturneyac@cbc.ca,620-579-9075,988 Crescent Oaks Plaza
Hube,hkanterad@washington.edu,119-278-9532,532 Marcy Drive
Hammad,hfyndonae@freewebs.com,170-431-0920,6 Corscot Crossing
Pansy,ppurceraf@tmall.com,199-233-2372,6019 Delladonna Street
Kristo,kwandsag@gov.uk,508-180-8035,2 Melrose Plaza
Marwin,mpitwayah@canalblog.com,407-282-5523,0 Vahlen Alley
Jackson,jpohlingai@prweb.com,106-372-8626,1 Shelley Hill
Bonnibelle,bsantusaj@etsy.com,102-496-7266,9761 Anniversary Lane
Brew,bfennickak@blogger.com,373-343-0276,74157 Beilfuss Street
Misha,mrufal@eventbrite.com,489-810-3591,6966 Goodland Center
Doreen,dblandam@bbc.co.uk,902-747-2675,45 Packers Pass
Sky,sgarlickean@japanpost.jp,313-796-1750,68835 Jenifer Trail
Claudina,cwillsonao@adobe.com,372-868-4774,46533 Armistice Center
Vincenz,vtanswillap@bluehost.com,437-584-0336,98026 Shoshone Crossing
Clerissa,cstoffelaq@spiegel.de,779-116-5931,5 Del Sol Park
Karoly,kloudyanar@army.mil,986-267-9159,8 Heath Crossing
Helena,htheakeras@newyorker.com,454-543-0333,0 Anniversary Parkway
Dennie,dchaffat@smh.com.au,781-924-3122,90063 Fordem Park
Odey,obetkeau@example.com,541-647-1725,94 Larry Pass
Grenville,gfrenzlav@myspace.com,735-869-0490,53193 Birchwood Parkway
Abran,awoolattaw@goodreads.com,967-431-6843,616 Donald Court
Tricia,tcaldaroax@people.com.cn,977-195-2779,4 Brentwood Pass
Daffy,dgreenfielday@globo.com,971-468-2386,6599 Ridgeview Circle
Jena,jmcardaz@macromedia.com,466-683-6829,9 Esker Park
Enos,eglasspooleb0@miibeian.gov.cn,246-511-5745,920 Upham Drive
Ruttger,rlahertyb1@trellian.com,579-992-1100,2 Corscot Circle
Zane,zcustb2@cyberchimps.com,811-338-1791,7 Corscot Street
Nickolaus,nshelmerdineb3@senate.gov,781-496-7734,495 Alpine Trail
Brendon,bnavanb4@stanford.edu,610-351-1327,787 Hoard Lane
Shayne,shuygensb5@hao123.com,402-237-5616,643 Raven Street
Francyne,fkestertonb6@ebay.co.uk,769-612-8248,6158 Barby Court
Ronna,rbusekb7@accuweather.com,761-367-9263,90 Springview Trail
Brooks,bgilfillanb8@epa.gov,712-293-3552,68379 Pankratz Park
Constanta,cdomengueb9@latimes.com,126-718-1756,34 Manufacturers Point
Jeno,jemorba@liveinternet.ru,669-767-0441,8193 Eagan Junction
Archibald,avalenssmithbb@etsy.com,968-723-4978,8 Hanson Circle
Belia,bcandelinbc@sourceforge.net,877-182-0146,859 Rockefeller Park
Cale,ckeggbd@amazon.co.jp,823-610-9231,384 Lakewood Gardens Alley
Grier,gcanedobe@zimbio.com,754-360-0381,4115 Meadow Vale Drive
Gregg,gkobpabf@homestead.com,371-362-8856,911 Fremont Circle
Prisca,pmatelyunasbg@themeforest.net,650-681-4997,619 Dryden Center
Estell,ehandesbh@hugedomains.com,930-464-8733,959 Cascade Court
Gray,gbrooksonbi@vimeo.com,238-958-0940,47 Northport Alley
Cissy,cfennersbj@apache.org,384-497-1912,1 Corscot Road
Konstance,kgirtonbk@oaic.gov.au,593-643-1467,97 Cody Parkway
Kincaid,kshillitobl@xing.com,373-613-3471,277 Rockefeller Alley
Alverta,aoconcannonbm@sciencedirect.com,973-909-9625,48 Oneill Road
Sue,sstrognellbn@shop-pro.jp,671-359-5545,66 Meadow Ridge Drive
Belva,beldrittbo@eepurl.com,663-854-3467,4 Milwaukee Parkway
Elana,eslucockbp@facebook.com,258-191-3323,72 Helena Pass
Adena,aredwinbq@4shared.com,207-829-4967,59 Manitowish Place
Leisha,lcaulwellbr@weather.com,918-591-8712,8 Pepper Wood Court
Binky,bhannonbs@cam.ac.uk,196-338-4043,642 Gale Street
Leigh,leubankbt@exblog.jp,122-354-6354,56677 Mayfield Circle
Eran,egirauldbu@purevolume.com,807-596-9783,4 Atwood Alley
Ivor,ieadonbv@microsoft.com,742-272-6881,082 Parkside Hill
Pearline,ppleasancebw@typepad.com,169-647-0900,0 Clove Point
Hubey,hrobbinsbx@sohu.com,532-739-0383,29661 Michigan Park
Morton,mskoughmanby@newyorker.com,202-225-2437,58 Clyde Gallagher Parkway
Felicdad,fblackerbz@tinypic.com,867-554-4412,3 Roxbury Crossing
Harmony,hvansaltsbergc0@surveymonkey.com,248-201-8143,992 Ludington Point
Darnell,dbeethamc1@cargocollective.com,803-170-3430,13 Morning Trail
Kasper,kgarlickc2@about.com,690-153-3972,67 Aberg Alley
Brier,bhambatchc3@rambler.ru,768-996-5743,4 Delladonna Circle
Gaylene,galbionc4@patch.com,599-352-9682,9 Lindbergh Plaza
Pryce,pmccookc5@ebay.co.uk,587-203-5987,620 Barby Road
Cristi,cnathanc6@vimeo.com,188-688-8529,052 Logan Road
Joanna,jtollerfieldc7@springer.com,861-244-3729,88 Morrow Plaza
Coletta,cdunsfordc8@pinterest.com,972-211-6589,1 Sutherland Street
Malynda,msheppardc9@purevolume.com,102-167-3154,142 Buhler Street
Fonsie,fneliganca@tmall.com,720-660-6504,6 Burning Wood Street
Sid,singlecb@thetimes.co.uk,760-963-0119,6 Glacier Hill Point
Shamus,scassiecc@abc.net.au,390-436-2485,668 4th Terrace
Konrad,kszabocd@bbc.co.uk,860-971-5089,00104 Tomscot Lane
Marlow,mantunesce@jugem.jp,676-233-9482,932 Ludington Alley
Joey,jmurneycf@walmart.com,755-577-9158,02930 Manitowish Plaza
Dunc,dmontezcg@ibm.com,744-936-6750,7 Artisan Drive
Shirl,sswatheridgech@nytimes.com,542-240-2120,83446 Division Way
Shannen,sdanihelci@tuttocitta.it,370-197-0095,38 Lunder Circle
Mohandis,mnialcj@oakley.com,711-465-6931,13 Independence Place
Caesar,cpretleyck@wordpress.org,417-400-0402,6332 Westend Drive
Chlo,cbillanycl@imdb.com,444-833-9992,7 Schmedeman Court
Perice,pcuttincm@desdev.cn,977-731-7621,4240 Talmadge Way
Jermaine,jrippingcn@reference.com,584-355-1780,0 Esch Center
Thorsten,tmatticcico@xing.com,673-255-8809,32 Messerschmidt Terrace
Kelbee,kbalazscp@jugem.jp,700-682-9556,41762 Maywood Trail
Irvin,ifollowscq@seesaa.net,697-794-1449,32616 Menomonie Crossing
Leoine,lsearchwellcr@clickbank.net,418-408-5020,66 Hanover Crossing
Corby,cassandrics@flavors.me,529-641-1839,3820 3rd Point
Lorry,lespadasct@wunderground.com,592-148-3747,39602 Troy Circle
Ariel,aharkincu@hatena.ne.jp,811-119-5892,52644 Michigan Pass
Althea,awarlawecv@cargocollective.com,108-662-3892,4 Burning Wood Road
Rurik,rlowrecw@usgs.gov,866-145-3126,9342 Northport Crossing
Alexandra,acrowleycx@answers.com,434-602-1176,00073 Anzinger Pass
Gretta,gdemangelcy@google.pl,665-757-2260,34118 Almo Way
Cathrine,cgilpillancz@cnet.com,342-913-5916,86437 Melody Crossing
Eba,eginmand0@friendfeed.com,994-488-7265,2 Aberg Avenue
Bram,bmcgookind1@time.com,765-374-2332,0 Muir Trail
Sutton,skleiserd2@dedecms.com,599-131-7081,5264 Michigan Alley
Hayyim,hreinhardd3@hostgator.com,295-108-9032,7 School Junction
Nicoli,njoplingd4@qq.com,990-156-5176,6109 Lien Point
Hyacinth,hshermand5@fotki.com,577-498-6219,9297 Johnson Plaza
Torin,tbreedyd6@army.mil,383-418-2587,1 Sutteridge Parkway
Renie,rlealled7@artisteer.com,565-384-5824,333 Bayside Point
Sonnie,sallisond8@google.com,264-271-0480,12686 Merry Center
Colman,cdammarelld9@nytimes.com,177-124-9056,1591 Elgar Park
Cris,ctogwellda@sphinn.com,675-176-0478,62 Petterle Way
Riordan,rgrishaevdb@yahoo.com,332-388-9199,544 Harper Plaza
Hatty,hhowdc@bing.com,150-197-1919,3 New Castle Road
Jaquelyn,jrenfrewdd@wikispaces.com,563-412-5597,5 Bartelt Circle
Moll,mkilmurrayde@etsy.com,856-132-3270,1959 Oneill Street
Stephana,smaxwailedf@php.net,212-955-4902,86 Corry Drive
Arda,agillmandg@bing.com,707-870-3277,2953 Hazelcrest Point
Hadlee,htoupedh@mail.ru,201-577-6872,942 Jenna Trail
Shayla,smayhewdi@weather.com,475-337-4969,24158 Stoughton Alley
Darnell,dlaythamdj@rambler.ru,634-648-5357,9804 Forest Run Crossing
Cyrus,cgoranovdk@sitemeter.com,645-491-0686,048 Commercial Trail
Marquita,mdemalchardl@cafepress.com,966-966-3467,35404 Fordem Pass
Mariam,mmoggledm@dailymotion.com,769-602-1169,5611 Dixon Circle
Lettie,lkobpaldn@ucoz.com,910-792-4830,6 Hallows Drive
Jon,jperringtondo@last.fm,649-957-1877,47960 Annamark Crossing
Cesaro,cspriggsdp@twitpic.com,489-184-1795,655 Marquette Way
Elayne,ejeanequindq@aboutads.info,712-111-1619,159 Schmedeman Alley
Christy,ccartmaledr@amazon.de,563-801-8168,5 Prentice Park
Papageno,pbrunescods@nsw.gov.au,916-809-4666,61 Katie Alley
Ximenez,xarnaudotdt@liveinternet.ru,673-119-2898,27 School Terrace
Porty,probbingsdu@irs.gov,735-355-0823,75418 Vera Way
Duffy,ddinapolidv@vistaprint.com,652-522-0318,797 Wayridge Point
Winifred,wmurdiedw@typepad.com,749-857-2566,41307 Messerschmidt Avenue
Mariette,mbarizeretdx@smh.com.au,815-303-7367,2530 Artisan Drive
Orson,owahnerdy@slashdot.org,727-595-8277,15 Butterfield Drive
Christin,cmarvelleydz@arstechnica.com,925-161-8231,33 Rowland Street
Lamond,lmaccartaire0@blogger.com,502-759-8318,3 Clemons Trail
Emmalynne,ebiasottie1@sohu.com,300-653-8822,6 Ridgeway Crossing
Bartlet,bdurbane2@hc360.com,558-897-2245,34 Golden Leaf Lane
Whitney,wcostanzae3@army.mil,447-753-1589,946 Bayside Crossing
Rowen,rbellinghame4@webnode.com,413-131-6401,88117 Norway Maple Terrace
Valeda,vblitze5@github.io,781-741-2614,7 3rd Parkway
Nicoli,nplantee6@google.de,405-115-4154,6 Bonner Street
Fran,flongdene7@pbs.org,646-374-9923,9 School Junction
Mischa,marlinge8@census.gov,301-238-9033,7237 Barby Way
Archibald,atowheye9@yahoo.com,991-431-9285,684 Victoria Street
Tracy,taldissea@about.com,619-395-0060,93207 Prairie Rose Center
Gill,gdachseb@google.co.uk,312-722-0020,764 Crescent Oaks Road
Bear,blismoreec@imgur.com,616-178-0638,715 7th Park
Hewie,hbisphamed@yahoo.com,801-532-2345,6339 Stang Center
Dory,daldhouseee@google.com,694-822-9400,54 Sunbrook Street
Ethelda,ebrennansef@psu.edu,584-349-3528,36218 Ludington Hill
Jeannette,jhupkaeg@mozilla.com,453-789-8956,284 Sheridan Trail
Yulma,yvitteryeh@washington.edu,505-159-1751,5 Duke Alley
Andres,adommerqueei@last.fm,230-558-6525,17665 Reindahl Way
Robin,rsextiej@icio.us,520-913-7578,822 Ryan Way
Althea,aantushevek@alibaba.com,476-741-3266,5843 Ridge Oak Junction
Elroy,esherebrookeel@slate.com,565-155-8334,207 Barnett Junction
Curran,cdisbreyem@examiner.com,175-683-4424,712 Fairview Terrace
Janeen,jglazebrooken@naver.com,778-822-5670,8 Ridge Oak Trail
Miquela,mstonuaryeo@github.io,630-127-7191,63300 Lake View Terrace
Mahmoud,mmansourep@google.nl,330-519-3718,18 Macpherson Pass
Didi,dwenzeleq@wunderground.com,964-215-5377,16686 Towne Center
Currie,clamaser@themeforest.net,700-141-5084,91 Sunfield Plaza
Kathleen,kdoumerquees@chron.com,480-788-9506,553 Twin Pines Center
Ania,apasqualeet@netscape.com,175-997-5681,89524 Meadow Valley Terrace
Carma,cgrigolashvilleu@hhs.gov,779-272-7173,54079 Hovde Road
Merl,mphilpottsev@ebay.com,620-513-2451,8002 Northport Point
Germain,ghoogendorpew@unc.edu,784-229-4288,1017 Randy Avenue
Kara-lynn,kmorriceex@zimbio.com,282-637-9145,018 Lukken Circle
Reiko,rcomolliey@cnet.com,222-387-8314,7980 Butternut Trail
Elva,esandbatchez@ovh.net,283-520-1334,34324 1st Terrace
Lorianne,lcawleyf0@loc.gov,964-859-5631,20 Anzinger Point
Fanya,fbuntingf1@com.com,341-368-3507,8633 Sage Place
Skippie,sdrewittf2@usatoday.com,151-764-8811,19884 Dunning Point
Garnette,gtabrettf3@bbb.org,961-255-8365,019 Burrows Alley
Willette,wbrazeltonf4@examiner.com,724-168-2833,4473 Del Mar Junction
Christiane,cgironf5@wikispaces.com,765-172-9663,9690 Russell Trail
Lynda,ldalliwaterf6@virginia.edu,837-610-3028,3862 Merchant Point
Jonis,jpiserf7@goo.ne.jp,519-174-4625,1 Eggendart Crossing
Budd,boverallf8@amazon.co.uk,267-150-0542,7 Annamark Crossing
Lidia,lbrunickef9@mapy.cz,946-300-4045,8 Morrow Crossing
Levi,lchippindallfa@over-blog.com,783-292-9279,464 Westerfield Drive
Doll,dbrettelfb@yolasite.com,235-870-6744,36783 Blaine Parkway
Bengt,bdeelyfc@nytimes.com,683-739-0296,70 Marcy Circle
Morey,mhudspithfd@skype.com,592-553-6339,91097 Gale Place
Tierney,tpopplefe@webnode.com,673-416-0966,7 American Junction
Iosep,inisenff@bandcamp.com,361-828-4433,786 Raven Center
Meghan,mnewensfg@jimdo.com,812-383-1162,332 Blaine Circle
Cassondra,cmillandfh@psu.edu,313-729-7910,3513 Blaine Street
Candide,csirmonfi@cisco.com,189-467-5347,59 Moose Junction
Terrie,tclickfj@deliciousdays.com,723-353-4983,85441 Reindahl Center
Lucita,lgennyfk@de.vu,180-933-1467,87 Becker Center
Rutherford,rcapnerfl@redcross.org,649-614-4997,487 Sutteridge Drive
Bendicty,bmaddinonfm@stumbleupon.com,120-371-4827,01 Waywood Avenue
Colet,csatterfittfn@digg.com,163-179-6083,200 Main Pass
Anders,alavrinovfo@yale.edu,731-322-0835,7903 Randy Circle
Kaspar,kenglefieldfp@digg.com,232-371-3172,936 Blaine Hill
Welch,wfyfefq@canalblog.com,493-370-4550,2401 Cottonwood Center
Pattin,psennettfr@theguardian.com,471-407-9315,984 Oriole Street
Alexina,amartinettofs@slideshare.net,216-423-5910,026 Forster Center
Cesare,colssonft@unc.edu,124-895-4053,15818 Weeping Birch Parkway
Amber,amellfu@sphinn.com,992-991-9948,352 Jenifer Way
Karney,kdennettfv@wiley.com,281-973-0677,532 Artisan Court
Elmore,elamburnfw@hugedomains.com,882-785-5411,376 Hanover Drive
Lockwood,lverseyfx@live.com,753-842-9690,8 Steensland Road
Ogden,ohanckefy@bloglovin.com,272-455-8840,6490 Muir Park
Zelma,zospellisseyfz@163.com,113-685-9303,710 Bashford Crossing
Boyce,bvalintineg0@salon.com,449-583-0076,9 Village Green Junction
Adriena,adeatong1@bloglovin.com,229-757-7391,921 Nevada Circle
Elyse,eambrogellig2@mashable.com,995-421-4009,505 Badeau Plaza
Sasha,sselkirkg3@time.com,519-583-1447,60 Lillian Pass
Teena,tflackeg4@prweb.com,253-373-2635,9688 Memorial Park
Tobe,tdymottg5@engadget.com,516-660-7298,71 Beilfuss Street
Alex,afolbigg6@squidoo.com,877-921-8404,441 Waxwing Drive
Vincenty,vdymickg7@storify.com,438-251-0481,662 Vidon Drive
Joelly,jgalping8@myspace.com,875-295-9688,59 Westridge Pass
Albertina,aevisong9@soup.io,596-179-8738,3 Lunder Hill
Prue,pdunguyga@google.nl,778-500-4630,2 Londonderry Pass
Ritchie,rewbachgb@simplemachines.org,254-659-0519,5 Del Mar Junction
Chanda,cgalleargc@nba.com,965-630-9468,68552 Declaration Road
Hazlett,hfritschmanngd@jimdo.com,836-261-7208,4483 Carioca Parkway
Robena,rwallentinge@toplist.cz,587-613-5997,0 Old Shore Hill
Olympe,oadamowitzgf@techcrunch.com,303-612-3045,791 Sachs Alley
Hermy,hcohengg@tuttocitta.it,843-609-0835,02 Charing Cross Alley
Mallissa,mlebanggh@symantec.com,125-519-0489,73304 Fuller Avenue
Ertha,eullettgi@time.com,509-834-0656,45693 Crowley Park
Lydie,lcadneygj@nhs.uk,156-331-8201,318 Heath Plaza
Leandra,loppygk@bandcamp.com,962-635-0252,8 Tennessee Park
Ailis,avandrielgl@goo.gl,776-710-0264,3202 4th Place
Selig,smirandogm@odnoklassniki.ru,259-268-1107,75924 Cordelia Point
Devland,dsalesgn@mashable.com,459-601-7120,843 Kipling Plaza
Torey,tmacongo@blogs.com,940-868-4814,4 Haas Alley
Patricio,ptevlingp@washingtonpost.com,371-824-5475,37316 Badeau Parkway
Joan,jduligallgq@ted.com,386-565-6420,551 Armistice Junction
Abner,atreecegr@thetimes.co.uk,717-690-9680,745 Stoughton Hill
Robbin,rwrathallgs@vk.com,415-757-2069,93 Straubel Junction
Birgit,blunamgt@hibu.com,482-759-3077,5568 Rockefeller Drive
Traci,theapegu@amazon.co.jp,827-870-6420,8903 Bonner Place
Blanca,blanghorgv@ftc.gov,512-336-3820,4058 5th Point
Saundra,spetowgw@wisc.edu,680-144-7671,4828 Kings Avenue
Cathrine,cdoultongx@ustream.tv,165-246-6292,2 Elka Circle
Gertie,gruttgy@toplist.cz,241-194-2117,565 Havey Place
Kelsi,ksturgeongz@blogspot.com,159-873-4838,203 Lawn Parkway
Kelsi,kdaneluttih0@earthlink.net,649-351-5297,1020 La Follette Street
Sybil,stullyh1@seattletimes.com,847-591-7206,69 Hansons Court
Demetri,dblaslh2@skyrock.com,853-865-5150,8 Logan Crossing
Orrin,ocarpmileh3@dropbox.com,721-166-0930,8776 Moland Avenue
Pedro,pgeogheganh4@amazon.co.uk,619-503-8761,66 Colorado Avenue
Ynes,yhammorh5@nba.com,957-494-8140,00 Mesta Parkway
Brad,blisleh6@shutterfly.com,747-212-4083,42313 Westport Road
Maddie,mackerleyh7@amazon.de,314-723-0914,69 Menomonie Place
Millie,mpuddiferh8@oracle.com,923-606-5928,222 Erie Center
Mordecai,mmounterh9@soundcloud.com,791-132-5102,0517 Burning Wood Lane
Faunie,fweatherburnha@pinterest.com,260-705-7728,25 Warbler Street
Palm,pmccuishhb@github.com,381-153-4927,01 7th Point
Zara,zohederscollhc@craigslist.org,114-477-3298,97302 Kings Drive
Hermione,hjeffryeshd@pinterest.com,104-336-5218,589 Victoria Plaza
Dulcy,dsuddellhe@shop-pro.jp,989-162-4808,5 Gerald Alley
Darbee,dgobelhf@whitehouse.gov,219-107-5313,29 Messerschmidt Court
Marigold,mcarharthg@craigslist.org,456-399-2948,2352 Bellgrove Crossing
Britney,bdrinanhh@devhub.com,879-955-8002,3982 Cherokee Road
Hersh,hslanyhi@nasa.gov,508-902-7312,2906 Fallview Hill
Tobie,tvasovichj@auda.org.au,578-152-5314,02132 Vera Pass
Haley,hsiveterhk@mapquest.com,560-602-1750,104 Merchant Pass
Filbert,fgasconehl@furl.net,647-346-7577,32864 Continental Terrace
Spenser,smellonbyhm@ucla.edu,319-734-1451,10608 Bunting Hill
Terrill,tmacpeicehn@house.gov,623-710-5386,4 Portage Avenue
Rosana,rhartnessho@ning.com,410-597-4539,28839 Ryan Avenue
Maridel,mcapshp@webeden.co.uk,208-689-1868,151 Veith Terrace
Donnie,ddenyshq@mit.edu,827-377-9376,152 Acker Road
Scarlett,slowethhr@senate.gov,622-743-2556,99 Duke Park
Angelina,akenningleyhs@furl.net,198-439-6421,56 Park Meadow Pass
Sonny,sbattyllht@pbs.org,996-250-8863,48145 Esch Lane
Hyacinthe,hlunthu@businessinsider.com,360-916-6483,0 Northport Place
Bernardina,bmckeonhv@netvibes.com,390-333-4198,4 Lawn Parkway
Henka,hgaffneyhw@uol.com.br,227-799-5068,4852 Superior Trail
Lorena,lilivehx@tiny.cc,471-649-7712,09 Cascade Center
Gabi,glahertyhy@discovery.com,859-874-2555,637 Fieldstone Court
Alysia,anotehz@ucla.edu,543-133-2522,451 Lyons Court
Marline,mmanskei0@hao123.com,213-678-5632,0 Moland Circle
Bruce,bmcdirmidi1@weebly.com,136-428-5310,269 Hanover Lane
Karlan,kdunkertoni2@paginegialle.it,531-344-6919,6 Commercial Point
Susette,swillimotti3@marriott.com,812-427-6926,772 Grasskamp Circle
Wynnie,wkaili4@bandcamp.com,654-396-7858,2320 Annamark Hill
Ashton,aschutteri5@biblegateway.com,156-649-0885,43 Petterle Park
Feodora,fasplei6@imdb.com,944-422-0260,41 Kedzie Center
Ely,epumfretti7@liveinternet.ru,290-752-4327,10 Manley Junction
Brander,bmillardi8@prlog.org,693-247-0303,5208 Namekagon Center
Sheff,sgundryi9@amazon.de,331-796-5153,948 Sycamore Court
Chanda,csimkovitzia@blogger.com,872-172-4951,9 Wayridge Place
Osbert,opetytib@soundcloud.com,820-951-6224,979 Barnett Trail
Ginevra,gwillmontic@instagram.com,144-470-0575,0 Manitowish Street
Odella,omaffinid@blinklist.com,726-147-7395,9279 Mallard Pass
Kevin,kgaultie@newyorker.com,868-264-7688,532 Annamark Circle
Annabella,amackellenif@harvard.edu,254-491-2111,27 Mallory Place
Kylie,kgreepig@time.com,501-903-4230,9140 Hoepker Lane
Juieta,jstrettellih@un.org,464-868-4014,2220 Village Green Crossing
Merla,mtemblettii@barnesandnoble.com,840-733-3181,53 3rd Trail
Noelle,ncastiblancoij@omniture.com,199-373-5389,8411 Kipling Point
Myrtie,mcottillik@mac.com,674-142-6078,476 Darwin Terrace
Pauly,pmugeil@cam.ac.uk,871-722-9617,12 Esch Street
Issy,iollerim@auda.org.au,228-375-5207,18038 Laurel Street
Bernie,bborthein@alexa.com,514-546-1221,77805 Nobel Way
Marc,mhowfordio@lycos.com,571-908-6832,114 Granby Crossing
Hailey,hmatiasip@shareasale.com,554-168-5717,58 Katie Trail
Harris,hboulsheriq@sohu.com,775-678-8729,506 Donald Way
Chandal,cannandaleir@java.com,141-611-8261,52 Moulton Alley
Gilles,graikesis@weibo.com,595-962-1720,749 Carioca Trail
Johnny,jscholzit@meetup.com,720-810-1113,99628 Utah Parkway
Garland,gfuryiu@tamu.edu,658-867-3677,916 Russell Lane
Selinda,swhiteseliv@ebay.co.uk,109-129-4347,47348 Gulseth Alley
Siffre,spiddingtoniw@berkeley.edu,376-459-6662,69755 Truax Plaza
Benny,bwhimperix@devhub.com,248-236-8661,15 Orin Trail
Osgood,oberreyiy@japanpost.jp,608-330-3425,946 Cordelia Road
Harbert,hmatteuzziiz@multiply.com,922-212-6736,496 Veith Trail
Charlene,crendallj0@addthis.com,116-917-8563,7 Lukken Court
Torey,triddlesj1@mayoclinic.com,704-179-0543,400 Sheridan Way
Dell,djeffrayj2@rakuten.co.jp,766-474-3071,21608 Beilfuss Crossing
Celinda,cmanifieldj3@about.me,955-904-8997,12207 5th Drive
Marget,mtorrisij4@dion.ne.jp,346-529-1193,92 Steensland Way
Kingsley,ksimonej5@pinterest.com,444-633-1787,2645 Arizona Pass
Angeline,amayberryj6@live.com,144-601-7600,1 Morrow Crossing
Bar,bmelbournj7@youtube.com,800-612-0065,492 Manufacturers Alley
Georas,gternouthj8@mlb.com,909-407-3822,62 Springview Trail
Brianne,barberj9@army.mil,559-630-1328,215 Bluestem Alley
Gavin,gburdfieldja@altervista.org,307-199-0241,05253 Sherman Junction
Pauly,pdaftorjb@tumblr.com,874-161-4559,17085 Havey Avenue
Lenore,lsissonsjc@sbwire.com,476-120-2638,9819 Welch Pass
Winnie,wgatehousejd@loc.gov,938-837-1616,7 Bartillon Street
Trueman,tgathercoleje@livejournal.com,144-351-6242,6 Shasta Avenue
Desmond,durwenjf@cmu.edu,690-285-3960,58 American Way
Michel,mlisciandrojg@ehow.com,708-976-7719,05038 Daystar Street
Valry,vplessingjh@alexa.com,510-520-9681,468 Artisan Street
Melitta,maylwardji@latimes.com,892-259-4445,774 Holy Cross Place
Minnnie,maddamsjj@imgur.com,623-600-8460,70967 Bartillon Trail
Henrietta,hmcilwreathjk@utexas.edu,319-894-1498,11111 Meadow Ridge Drive
Jarid,jmeenyjl@instagram.com,255-641-0731,8 Harper Center
Raven,rtolljm@cnbc.com,206-811-5235,418 Cascade Junction
Herold,hlittlemorejn@gnu.org,584-195-0732,6798 Continental Parkway
Laurene,lbinnyjo@nymag.com,891-980-5445,98 Jana Terrace
Rosabella,rharberjp@imgur.com,611-725-8974,608 Sunbrook Trail
Gertruda,gdeportejq@businesswire.com,518-942-7781,24 Grim Terrace
Margaretta,mpoetzjr@freewebs.com,827-863-0692,8699 Hanson Junction
Maddalena,mbrundlejs@soundcloud.com,298-424-7028,6400 Walton Plaza
Galven,ggillesonjt@bbb.org,233-979-7675,74 Morrow Parkway
Moreen,mheppenspallju@hao123.com,374-495-0572,567 Village Place
Urbanus,urasejv@stumbleupon.com,372-699-2464,0 Washington Plaza
Wendie,wputtjw@themeforest.net,568-962-2796,7 Lotheville Alley
Nicky,nleurenjx@aboutads.info,224-751-6196,9568 Clarendon Center
Shannen,slydiattjy@yellowbook.com,366-167-4041,09849 Summer Ridge Park
Andie,avannjz@redcross.org,715-559-8566,2 Blaine Point
Caye,cbrouk0@tumblr.com,576-999-0684,4 Nova Hill
Renaud,rdunseathk1@discuz.net,751-916-7841,6 Muir Circle
Sofia,sluckmank2@desdev.cn,792-776-0440,21 Evergreen Trail
Oberon,osouthcombk3@jimdo.com,195-947-3671,975 Pond Parkway
Felicle,flarnerk4@fda.gov,730-485-2089,30668 Heath Center
Lisetta,lcursonk5@yolasite.com,446-341-1526,211 Mifflin Avenue
Valene,vgarnsonk6@gravatar.com,292-762-2073,787 Bayside Lane
Philipa,pwoltmank7@odnoklassniki.ru,659-869-1072,5 Green Alley
Sydney,slipgensk8@bizjournals.com,714-215-4778,549 Esch Lane
Natividad,nspurgink9@desdev.cn,258-896-2522,52930 Meadow Vale Point
Casey,ctinkerka@bloglines.com,522-853-7075,244 Maple Junction
Adams,amcardlekb@jigsy.com,516-766-5132,7 Jana Trail
Sal,scasacciokc@craigslist.org,616-674-8092,16007 Ryan Point
Tam,ttinkkd@ox.ac.uk,630-629-7373,46 Fisk Terrace
Aridatha,acabedoke@posterous.com,356-392-5404,547 Brentwood Terrace
Christye,cibbottkf@salon.com,741-788-0877,50 South Point
Lay,lhaineskg@github.com,608-654-7713,32884 3rd Plaza
Gisela,gollivierkh@hubpages.com,539-205-2505,7351 Sutteridge Place
Bobbee,bkalinskyki@virginia.edu,313-294-8744,56 Oriole Hill
Teri,thabbershonkj@mtv.com,185-627-5150,776 Dawn Crossing
Jesus,jalldreadkk@ucoz.ru,363-365-6434,60 Browning Terrace
Hadley,hwentworthkl@zdnet.com,668-996-2834,2 Del Sol Lane
Addy,aborringtonkm@oaic.gov.au,921-177-9292,03572 Arizona Junction
Grace,godoghertykn@harvard.edu,580-406-4475,04 Victoria Trail
Duff,divanchenkovko@wordpress.org,686-314-2625,98 Westridge Parkway
Rolfe,rallboneskp@smh.com.au,492-565-9947,6 Mosinee Avenue
Sal,shulburdkq@blogspot.com,177-194-2421,3 Charing Cross Alley
Constanta,cantuschkr@blogger.com,981-550-8924,2665 Judy Way
Flss,ftretwellks@narod.ru,264-284-3324,40265 Gulseth Way
Maure,mludlemkt@imgur.com,755-920-1796,69 Corben Court
Javier,jstedmondku@miitbeian.gov.cn,300-999-1233,14968 Katie Trail
Leigh,lbaggekv@feedburner.com,903-731-8713,5 Lakeland Park
Harper,hczaplakw@list-manage.com,983-523-9252,48827 Swallow Avenue
Shelton,sdallimarekx@google.pl,366-548-7510,0 Oakridge Street
Shani,srzehorzky@census.gov,183-178-4874,952 Sachtjen Terrace
Hagan,hpembridgekz@foxnews.com,747-753-0996,1 Continental Crossing
Zara,zswallwelll0@vinaora.com,761-376-2979,16 Westerfield Junction
Vicky,vlindgrenl1@fotki.com,173-240-6090,1 American Circle
Marty,mmelbournl2@addtoany.com,427-622-1155,9 5th Place
Putnem,pworsleyl3@infoseek.co.jp,661-869-2285,0 Jenna Trail
Quintin,qbusherl4@naver.com,870-410-9773,1264 Judy Place
Waylon,wnorleyl5@mail.ru,426-617-8359,41 Norway Maple Parkway
Norrie,ncockerelll6@flavors.me,371-812-6902,96075 Elmside Road
Boycey,badessl7@chronoengine.com,752-496-7536,80 Morning Avenue
Lorne,llatorel8@google.nl,972-585-4559,39 Nobel Court
Frank,fmactaguel9@cbslocal.com,526-552-3216,91 Brown Way
Ilsa,iconyersla@sciencedaily.com,305-917-0116,132 Linden Court
Eleanore,eizzattlb@ucla.edu,462-321-7484,13267 Buhler Circle
Lenci,lmunroelc@people.com.cn,846-428-2384,46 Oriole Crossing
Iago,inewlandsld@uiuc.edu,627-483-6068,84 Upham Place
Ephraim,egouldiele@google.ru,974-373-1248,076 Steensland Hill
Hermy,hdisneylf@uiuc.edu,245-347-9268,213 Coolidge Way
Elfrida,egriffelg@abc.net.au,403-952-8700,70332 Farwell Hill
Noelani,nfantlh@archive.org,532-592-6786,05 Dottie Terrace
Veronique,vmudleli@china.com.cn,465-808-6861,6891 Old Shore Point
Lonnie,lscaplehornlj@tripod.com,807-541-4158,44 Florence Circle
Hans,hgrixlk@ox.ac.uk,530-559-2903,5266 Mosinee Street
Wiley,wosmundll@bloglovin.com,534-504-5573,150 Superior Crossing
Gare,ghayworthlm@opensource.org,809-789-4957,4232 Oneill Point
Patric,pteenanln@sfgate.com,191-811-8534,1559 Truax Plaza
Geoffrey,gellermanlo@gov.uk,923-906-1334,593 Knutson Court
Korie,ktapporlp@smugmug.com,235-263-8211,0309 Lerdahl Point
Deva,dsummerfieldlq@feedburner.com,464-158-2462,404 Pearson Parkway
Eben,ekoppkelr@livejournal.com,454-141-0238,88598 Crest Line Crossing
Paten,pmenichils@feedburner.com,873-888-6638,4615 Stuart Hill
Roley,rdemogeotlt@yale.edu,433-474-3657,79099 Pine View Place
Heywood,hcreeselu@chicagotribune.com,474-854-9550,333 1st Junction
Essy,eigounetlv@nytimes.com,248-311-7708,2384 Hollow Ridge Place
Maisie,mbaudelw@surveymonkey.com,498-475-9948,5 Grim Center
Rina,rgerinlx@twitter.com,590-808-6546,424 Laurel Drive
Channa,cfellonly@mit.edu,968-581-3481,80 Shasta Road
Florri,fboltonlz@loc.gov,355-253-2675,72369 Duke Circle
Tera,tbrighamm0@slashdot.org,847-685-8635,0313 Monument Trail
Skipton,sfreiburgerm1@flickr.com,575-779-3568,39380 Surrey Way
Moira,mvaleriusm2@about.me,423-566-7501,5819 Fairfield Center
Bary,breemanm3@ustream.tv,403-541-7946,45 Trailsway Way
Burton,bpemblem4@xing.com,985-263-8471,299 Eagle Crest Alley
Eberhard,eschukraftm5@issuu.com,940-642-7079,80 Lerdahl Hill
Calley,cclemmittm6@diigo.com,557-158-6099,25857 Delladonna Park
Katina,kmulqueenm7@imdb.com,409-655-6804,8 Sommers Point
Stephi,ssaintpierrem8@auda.org.au,315-465-1743,97 Bay Crossing
Keith,kcadym9@nydailynews.com,462-170-2320,08 Tennyson Lane
Riane,rwhittlesma@list-manage.com,567-878-6698,682 Buell Avenue
Nap,nquantmb@etsy.com,682-379-4697,67414 Hermina Road
Taber,tbeanmc@cocolog-nifty.com,979-787-6101,71708 Dorton Place
Cairistiona,cbossonmd@quantcast.com,101-649-1648,70781 Susan Trail
Othelia,odericutme@craigslist.org,336-125-1365,67901 Northport Lane
Pepillo,pdraynmf@ihg.com,663-579-2687,3 Eagan Court
Saxe,scharlemg@wikia.com,785-423-8426,1320 Maple Center
Selestina,smustoomh@princeton.edu,496-547-9528,951 Kenwood Pass
Magdalena,mkilrowmi@jimdo.com,652-613-9495,769 Crest Line Circle
Roderich,rmccaughenmj@squarespace.com,224-311-3140,118 Melvin Road
Clayborne,ccyphusmk@storify.com,798-394-3326,2722 Lawn Court
Salvador,slongeaml@sina.com.cn,483-884-7520,4 Eagan Street
Elisha,emeinekenmm@google.com.au,920-688-8869,8 Dayton Crossing
Nolie,nhainesmn@discuz.net,828-437-0246,52 Cottonwood Street
Maggi,mfrangomo@nydailynews.com,698-766-1663,650 Grasskamp Point
Jami,jantoniatmp@psu.edu,996-971-9005,41 Oxford Park
Farlee,fcunradimq@usa.gov,538-731-6921,7831 Myrtle Alley
Roderick,rcescotimr@bravesites.com,474-989-7071,3856 Grover Lane
Noah,nmanwaringms@booking.com,858-136-9598,3 Blue Bill Park Park
Jens,jdelahuntymt@cbc.ca,857-107-1719,6 Talmadge Road
Alexandros,agookesmu@people.com.cn,278-569-2973,3301 Warner Road
Harman,hfollowsmv@theatlantic.com,805-756-7683,66 Mccormick Center
Raye,rrosenkrancmw@theguardian.com,221-455-8979,62268 Waubesa Lane
Arlyn,awhaplingtonmx@godaddy.com,482-956-9039,2178 Dawn Terrace
Christoforo,cniavesmy@scribd.com,923-990-9279,3 Esch Hill
Lem,lmiguetmz@unc.edu,748-763-7406,5965 Dakota Place
Brit,bskallyn0@aboutads.info,123-556-2082,141 Shopko Court
Petunia,paycen1@imdb.com,555-109-5877,04511 Claremont Center
Lind,ltodarellon2@amazon.co.uk,716-726-9345,34013 Chive Street
Stavros,shansomn3@netscape.com,404-451-6652,5167 Bluestem Lane
Theobald,tmarzellanon4@bandcamp.com,678-846-8866,981 Scott Point
Laurence,ladneyn5@ox.ac.uk,549-153-3870,0271 Fremont Place
Tasha,tgwatkinsn6@hatena.ne.jp,883-907-1944,23 Barby Park
Lorinda,lhargien7@purevolume.com,736-549-4871,487 Clarendon Court
Clementia,cholmesn8@cornell.edu,137-958-7742,0 Glendale Pass
Blanch,bohdirscolln9@unesco.org,230-663-3343,585 Lindbergh Lane
Jordana,jpappinna@boston.com,769-756-5022,97 Riverside Alley
May,mhartmannb@youtu.be,695-929-6044,7 Fieldstone Way
Corry,chamblennc@bigcartel.com,856-599-2192,9489 Springview Drive
Peterus,pbrayshaynd@smugmug.com,261-450-7520,905 Crowley Crossing
Linette,lknightsbridgene@1und1.de,404-228-1714,081 Southridge Plaza
Jada,jparlettnf@networkadvertising.org,136-332-9676,1563 Bultman Court
Karalee,kjardinng@weebly.com,244-496-0780,78 Fieldstone Terrace
Broderic,blasseternh@myspace.com,997-536-9314,9538 Lunder Park
Honoria,hsartonni@arizona.edu,374-110-9501,796 Susan Point
Geralda,gpinkienj@moonfruit.com,201-424-3512,288 Stoughton Plaza
Allina,apickburnnk@nydailynews.com,755-330-4388,8254 Lawn Crossing
Valle,vnemchinovnl@ft.com,238-212-5857,4236 Gina Hill
Benita,bmcgeochnm@archive.org,301-696-6392,27311 Utah Court
Shawn,sgreensidenn@mac.com,534-249-1062,86 Esch Terrace
Cello,cmcalesterno@blinklist.com,687-720-9834,0328 Kings Way
Devlin,ditzkovwitchnp@fema.gov,695-420-6045,10 Annamark Hill
Faina,fbeamontnq@psu.edu,243-316-1107,2252 Kim Avenue
Sarine,stuttonnr@addtoany.com,513-468-3101,202 Rowland Pass
Lambert,lransonns@plala.or.jp,829-202-6979,6221 North Pass
Liam,ljanusiknt@ameblo.jp,653-538-8932,82 Marcy Trail
Lusa,ldjurkovicnu@foxnews.com,345-965-9020,426 Sugar Junction
Humberto,hbeagleholenv@sciencedaily.com,577-490-5272,6779 Vernon Pass
Raf,rtrokernw@nasa.gov,274-474-6251,71916 Upham Alley
Ardyth,aduforenx@mail.ru,557-297-9119,98588 Judy Point
Ilene,iduinbletonny@networkadvertising.org,784-813-4944,0 8th Avenue
Hildegaard,hbottrellnz@privacy.gov.au,226-285-5696,36665 Elmside Park
Ethelbert,ebearno0@furl.net,635-468-5400,40 David Street
Jim,jdodameado1@issuu.com,953-886-7416,6488 Dixon Circle
Dyane,dbysho2@hostgator.com,255-572-8199,2 Carpenter Lane
Wandie,wfetteplaceo3@deliciousdays.com,824-256-6679,81834 Miller Drive
Dacey,dfurmageo4@t-online.de,273-671-8737,7105 Goodland Alley
Tomasine,temmeto5@craigslist.org,433-175-2150,6547 Blackbird Place
Renie,rmatovico6@constantcontact.com,102-490-1130,157 Leroy Trail
Candis,ccastletineo7@qq.com,665-796-2039,5323 Columbus Park
Prudy,pditchfieldo8@cnn.com,510-651-5129,84922 Commercial Point
Mathias,mgleetono9@so-net.ne.jp,541-740-4778,95 Nova Street
Beret,bleveoa@seesaa.net,689-366-8120,9953 Starling Park
Cristen,cackermannob@ucoz.ru,174-429-0678,992 Comanche Plaza
Irma,ieayresoc@ihg.com,735-982-8247,1 Manley Avenue
Flori,fmolineauxod@plala.or.jp,351-125-4003,4 Grim Street
Lucius,lreddihoughoe@alibaba.com,192-442-0470,53691 Dennis Pass
Eward,ewincomof@google.com.au,479-676-5488,88 Westridge Park
Candy,chunnisettog@oaic.gov.au,981-566-1910,5467 Lakewood Circle
Selle,scastagnerioh@eventbrite.com,490-484-0479,06582 Bluestem Terrace
Carrol,cmclagganoi@ustream.tv,194-963-9813,909 Ridgeview Way
Eberto,ebennikeoj@live.com,203-112-2839,61713 Muir Terrace
Fidelia,fwedderburnok@newsvine.com,515-285-3494,9 Miller Pass
Lenka,lblazejol@redcross.org,588-188-9236,3661 Russell Court
Pooh,prosboroughom@cdc.gov,651-155-3542,94 Quincy Point
Johna,jiddonon@elpais.com,364-916-1995,33 Pearson Hill
Victor,vcornelisoo@gravatar.com,644-329-4323,33 Summit Alley
Susanna,smccuffieop@rakuten.co.jp,938-790-7241,327 Iowa Hill
Edythe,eyeardsleyoq@java.com,715-238-6688,72 Sauthoff Hill
Barbey,bgageror@disqus.com,394-593-9243,20 Bayside Lane
Ellen,emaciaos@nymag.com,162-571-5808,12408 Everett Way
Con,cbenyanot@hao123.com,691-114-4427,2890 Red Cloud Alley
Sophronia,scrottyou@washingtonpost.com,546-179-5496,493 Raven Way
Charlotte,ctrebbettov@jimdo.com,186-845-9666,49339 Briar Crest Pass
Spence,smoncrieffeow@cmu.edu,519-463-5006,02 Annamark Hill
Tracie,treinmarox@google.es,574-362-1691,6591 Golf Center
Elonore,eanningoy@who.int,722-959-8636,7 David Center
Calv,crenolsoz@jugem.jp,166-335-0420,8 Pearson Crossing
Grantley,gbocp0@360.cn,868-152-1994,43020 Browning Terrace
Stephie,stownsendp1@netscape.com,683-698-7801,2 Anzinger Plaza
Tiphanie,tleonardep2@rambler.ru,761-973-7114,6 Mccormick Hill
Robinet,rpetticrewp3@mit.edu,142-151-1539,1 Maple Plaza
Doris,dbednallp4@t-online.de,158-802-6494,5228 Swallow Way
Eba,eeakensp5@jimdo.com,890-348-8028,46083 Truax Road
Cullan,cgarratp6@cam.ac.uk,185-152-5709,8 Haas Parkway
Pascal,pwiltshirep7@ning.com,125-406-0958,47929 Dovetail Plaza
Rosco,rgallandp8@elegantthemes.com,516-215-1253,166 Shelley Circle
Teodorico,tfathersp9@state.tx.us,158-676-3679,59 Sugar Drive
Prudence,pdinseypa@biglobe.ne.jp,516-214-0574,5 Gina Junction
Alf,aticknerpb@ycombinator.com,157-982-5338,1 Cherokee Hill
Rhodie,rpidgenpc@ft.com,355-878-4110,4799 Waywood Road
Chelsae,csallypd@furl.net,370-533-7112,08 Dryden Pass
Augie,apefferpe@cargocollective.com,934-966-4495,18 Sachtjen Hill
Daniel,dmacmickanpf@auda.org.au,994-193-9772,650 Haas Center
Amaleta,asimondpg@purevolume.com,145-637-3411,1 Prentice Park
Sheelagh,selgoodph@youtu.be,540-331-4757,84172 David Place
Carola,castiepi@guardian.co.uk,576-272-2871,86 Holy Cross Terrace
Skylar,scraddypj@huffingtonpost.com,322-152-9627,1468 Coleman Road
Chilton,cnardonipk@paypal.com,919-234-0427,2 Mifflin Circle
Lynnea,laujeanpl@mtv.com,363-138-1200,82852 Dexter Street
Lucienne,lgillpm@wp.com,197-765-2144,56554 Maple Wood Circle
Willette,wplumbepn@virginia.edu,446-844-7548,4387 Linden Parkway
Dita,dvesquepo@hubpages.com,559-261-0216,60 Waxwing Point
Lazare,ltremethackpp@examiner.com,684-208-7949,621 Anniversary Parkway
Ramsey,rfitzsimmonspq@house.gov,992-254-4054,2 Marcy Terrace
Eudora,ewannpr@unblog.fr,756-778-5562,787 Evergreen Road
Izabel,icrawfordps@deliciousdays.com,284-668-9233,3 Vermont Place
Anya,afowliept@shutterfly.com,756-379-4027,86 Hauk Center
Steffen,swillemanpu@fda.gov,859-297-0409,21 Schmedeman Point
Martha,mloundpv@scientificamerican.com,680-370-1346,19 Eastwood Plaza
Ange,ababcockpw@google.it,755-699-9074,9553 Fulton Parkway
Tabbitha,tbrightiepx@boston.com,805-644-1773,33 Hudson Trail
Arlana,alongcakepy@smugmug.com,740-750-7511,220 Bunker Hill Place
Farrah,felementpz@intel.com,614-303-2886,6 Harbort Street
Arvy,agrovehamq0@jugem.jp,245-879-9952,13 Washington Avenue
Anselma,arollingq1@a8.net,719-772-6998,14664 Independence Circle
Elena,ephippinq2@nifty.com,937-459-2911,6010 Bunting Park
Karol,ktreherq3@google.pl,916-579-8702,1 Rigney Point
Clarice,chawfordq4@wikia.com,332-167-8533,4 Lillian Lane
Adlai,ahalledeq5@symantec.com,324-737-0559,544 Chinook Lane
Meris,mjanaudq6@dropbox.com,979-764-4491,56220 Jay Place
Gearalt,grackamq7@ft.com,407-106-9135,73492 Ridgeview Place
Sayers,sbarberaq8@wix.com,542-264-1805,37 Iowa Park
Lois,lcollissq9@auda.org.au,107-476-5408,179 Del Mar Street
Isobel,igenneyqa@sun.com,407-287-9265,39 Aberg Way
Sianna,sgueinnqb@tripadvisor.com,637-104-7876,330 Towne Park
Stefano,svearncombeqc@prnewswire.com,738-209-0884,4 Grover Junction
Marjie,mitzkovwichqd@dot.gov,530-556-4153,8673 Oak Crossing
Esteban,emeneoqe@github.com,741-354-2383,759 Northridge Alley
Elfrida,eboggasqf@biglobe.ne.jp,631-693-1769,37 Messerschmidt Hill
Pamela,pponteqg@alexa.com,737-858-4096,4 Pond Junction
Elmer,edebankeqh@dyndns.org,326-828-4384,781 International Trail
Anya,aotimonyqi@tuttocitta.it,644-300-7175,8 Hallows Drive
Gay,gomolanqj@nature.com,584-272-5472,49 Grover Parkway
Stearne,smcclurgqk@smugmug.com,249-433-5107,4666 Daystar Circle
Lynn,lmcgloughlinql@multiply.com,497-221-6138,68 Barby Court
Cindy,cwhatleyqm@nhs.uk,701-347-3450,04430 Donald Road
Billi,bfollacaroqn@pbs.org,146-721-4678,957 Karstens Way
Barn,btorfinqo@forbes.com,930-175-3778,188 Claremont Court
Dorthy,dcaltonqp@discuz.net,757-120-7496,905 Debs Way
Berkley,bpylkynytonqq@aol.com,120-303-0726,2093 Pennsylvania Trail
Ree,rpinhornqr@ebay.com,917-341-0162,613 Elmside Center
Chad,cgifkinsqs@fema.gov,886-729-6216,5 American Ash Parkway
Mallissa,mmaccartqt@comsenz.com,880-438-4655,895 Bay Street
Cynthy,cpeponqu@ibm.com,479-277-1916,82317 Glendale Alley
Catriona,ctuerqv@twitpic.com,557-638-8701,89 Pond Circle
Dolph,dashworthqw@1und1.de,260-969-8430,32 Lien Way
Leland,ldommqx@yelp.com,381-811-6529,222 Hazelcrest Park
Mellisa,mwillartonqy@dyndns.org,715-804-0815,7786 Lakewood Junction
Kaine,kkemeryqz@icio.us,931-218-5854,25841 Golf View Street
Ede,elahyr0@ameblo.jp,957-621-6657,39 Harper Trail
Jacky,jpettersenr1@columbia.edu,154-957-3453,37570 International Avenue
Reg,rsametr2@booking.com,346-838-1117,9251 Elka Junction
Janeczka,jjeacopr3@businesswire.com,781-980-9359,7841 Coolidge Terrace
Frans,frosekillyr4@nyu.edu,599-970-1325,8966 Burrows Lane
Forest,fmckendryr5@cnbc.com,245-498-7925,239 Pawling Pass
Carita,cemanulssonr6@gnu.org,882-951-5203,01 Green Ridge Lane
Conrade,clantaphr7@jugem.jp,422-290-4921,47795 Shopko Alley
Kathrine,kkorfr8@i2i.jp,281-483-5126,53 4th Trail
Harmonia,hbrinsfordr9@istockphoto.com,572-814-9522,720 Delaware Crossing
Cosetta,cnarramorera@moonfruit.com,180-174-3324,986 Springs Court
Herculie,hjeaysrb@bigcartel.com,331-114-6376,17069 Arapahoe Road
Car,cmartynikhinrc@java.com,699-679-3486,782 Melby Pass
Hewitt,hmincherrd@amazon.co.uk,544-267-4702,9 Waywood Trail
Banky,bcriagre@blogspot.com,923-217-8421,33315 Fairview Alley
Marinna,mheitonrf@google.pl,448-738-2915,86199 Roxbury Terrace
Kerwinn,khinchshawrg@bbb.org,722-447-1316,7 Spenser Junction
Benton,bfarmanrh@opera.com,980-190-7057,958 Ruskin Center
Monika,mdomnickri@aol.com,376-797-4463,83465 Canary Parkway
Donnell,dbaldirj@census.gov,401-527-1050,576 Spohn Drive
Scotti,soliverark@slashdot.org,986-918-6485,006 Debra Point
Ottilie,oduffanrl@dmoz.org,669-713-2863,5150 Artisan Hill
Eveline,ekleanthousrm@example.com,557-745-5794,59 Bellgrove Crossing
Washington,wsimonettrn@theatlantic.com,872-830-5573,2 Warner Road
Priscilla,pwasbroughro@patch.com,745-268-1852,00614 Leroy Point
Hermy,hmaudlingrp@imageshack.us,516-964-6426,19872 Westridge Drive
Douglas,dwiskerrq@reuters.com,659-541-3353,7 Commercial Court
Freddie,fjewettrr@ustream.tv,398-483-1480,5 Little Fleur Alley
